{
    "sentiment": {
        "sentiment": {
            "loss": 0.741325318813324,
            "metrics": {
                "accuracy": 0.6632326820603908,
                "f1_macro": 0.6056799140787437,
                "f1_negative": 0.5698485212791538,
                "f1_neutral": 0.7396455497894839,
                "f1_positive": 0.5075456711675933,
                "precision_negative": 0.6283138918345705,
                "precision_neutral": 0.6902412280701754,
                "precision_positive": 0.5878564857405704,
                "recall_negative": 0.5213374395072591,
                "recall_neutral": 0.7966673697532166,
                "recall_positive": 0.44654088050314467
            }
        }
    },
    "seat": {
        "average": 4.977621930191134e-08,
        "standard_deviation": 2.6216691052331313e-08,
        "min_value": -4.9670537349832955e-08,
        "min_sentence": "biografsko delo\n",
        "max_value": 1.1920928955078125e-07,
        "max_sentence": "draguljarsko delo\n"
    },
    "heilman": {
        "positive_to_positive": {
            "average": 3.0506868511265155e-09,
            "standard_deviation": 2.9587061784259466e-08,
            "min_value": -9.319138882801781e-08,
            "min_sentence": "gete\u010dirasko delo\n",
            "max_value": 8.727822986553946e-08,
            "max_sentence": "novinarsko delo\n"
        },
        "positive_to_positive_mixed": {
            "average": 5.76721738450687e-09,
            "standard_deviation": 4.530436548597168e-08,
            "min_value": -1.4096971501231792e-07,
            "min_sentence": "oglarsko delo\n",
            "max_value": 1.3316434532839594e-07,
            "max_sentence": "duhovni\u0161ko delo\n"
        },
        "negative_to_negative": {
            "average": -1.9858149781769986e-09,
            "standard_deviation": 3.169083763601236e-08,
            "min_value": -1.1518834153179114e-07,
            "min_sentence": "pravobranilsko delo\n",
            "max_value": 7.734412210691488e-08,
            "max_sentence": "mesarsko delo\n"
        },
        "negative_to_negative_mixed": {
            "average": 4.3299423016330195e-09,
            "standard_deviation": 4.754216693846408e-08,
            "min_value": -1.2299371121571312e-07,
            "min_sentence": "statisti\u010dno delo\n",
            "max_value": 1.3316434488430673e-07,
            "max_sentence": "strugarsko delo\n"
        },
        "neutral_to_neutral": {
            "average": 6.9297193165762426e-09,
            "standard_deviation": 3.343611515241134e-08,
            "min_value": -8.065549161884178e-08,
            "min_sentence": "poro\u010devalsko delo\n",
            "max_value": 9.508359977150604e-08,
            "max_sentence": "pedago\u0161ko delo\n"
        },
        "neutral_to_neutral_mixed": {
            "average": 5.3857557080760895e-09,
            "standard_deviation": 4.719957175250978e-08,
            "min_value": -1.2867034415720013e-07,
            "min_sentence": "psihiatrijsko delo\n",
            "max_value": 1.3600266113300563e-07,
            "max_sentence": "geografsko delo\n"
        },
        "directional_bias_alligned": {
            "average": -3.879032465449727e-09,
            "standard_deviation": 4.61324957564332e-08,
            "min_value": -1.8212530317196496e-07,
            "min_sentence": "pedago\u0161ko delo\n",
            "max_value": 1.272511862548953e-07,
            "max_sentence": "paleontolo\u0161ko delo\n"
        },
        "directional_bias_alligned_mixed": {
            "average": 3.8146167643078037e-10,
            "standard_deviation": 6.636126084242736e-08,
            "min_value": -1.9844562260118437e-07,
            "min_sentence": "pedago\u0161ko delo\n",
            "max_value": 2.0506836118094895e-07,
            "max_sentence": "psihiatrijsko delo\n"
        },
        "directional_bias_from_neutrals": {
            "average": 2.9389661059419023e-10,
            "standard_deviation": 4.1566468257150375e-08,
            "min_value": -1.6817024772741718e-07,
            "min_sentence": "pedago\u0161ko delo\n",
            "max_value": 1.1258655152612818e-07,
            "max_sentence": "paleontolo\u0161ko delo\n"
        },
        "spread": {
            "average": 5.036501829303514e-09,
            "standard_deviation": 4.277332789116697e-08,
            "min_value": -1.1684402578815423e-07,
            "min_sentence": "pedago\u0161ko delo\n",
            "max_value": 1.4664634861993875e-07,
            "max_sentence": "esejisti\u010dno delo\n"
        }
    },
    "glue": {
        "boolq": {
            "eval_loss": 0.7405415773391724,
            "eval_accuracy": 0.6,
            "eval_runtime": 0.118,
            "eval_samples_per_second": 42.357,
            "eval_steps_per_second": 8.471,
            "epoch": 10.0
        },
        "cb": {
            "eval_loss": 0.9012681841850281,
            "eval_accuracy": 0.8333333333333334,
            "eval_f1": 0.7575757575757575,
            "eval_runtime": 0.1275,
            "eval_samples_per_second": 47.069,
            "eval_steps_per_second": 7.845,
            "epoch": 10.0
        },
        "copa": {
            "eval_loss": 0.6935270428657532,
            "eval_accuracy": 0.0,
            "eval_runtime": 1.0311,
            "eval_samples_per_second": 38.792,
            "eval_steps_per_second": 1.94,
            "epoch": 10.0
        },
        "rte": {
            "eval_loss": 0.7037803530693054,
            "eval_accuracy": 0.3333333333333333,
            "eval_runtime": 0.1387,
            "eval_samples_per_second": 86.491,
            "eval_steps_per_second": 7.208,
            "epoch": 10.0
        }
    }
}