{
    "sentiment": {
        "sentiment": {
            "loss": 0.979104220867157,
            "metrics": {
                "accuracy": 0.5613972764949674,
                "f1_macro": 0.23969867030689115,
                "f1_negative": 0.0,
                "f1_neutral": 0.7190960109206734,
                "f1_positive": 0.0,
                "precision_negative": 0.0,
                "precision_neutral": 0.5613972764949674,
                "precision_positive": 0.0,
                "recall_negative": 0.0,
                "recall_neutral": 1.0,
                "recall_positive": 0.0
            }
        }
    },
    "seat": {
        "average": -1.0272289849938673e-08,
        "standard_deviation": 1.975889007455389e-08,
        "min_value": -6.95387523119706e-08,
        "min_sentence": "ilustratorsko delo\n",
        "max_value": 3.973642970223068e-08,
        "max_sentence": "instrumentalisko delo\n"
    },
    "heilman": {
        "positive_to_positive": {
            "average": 1.1131836737505445e-08,
            "standard_deviation": 2.8664473251364018e-08,
            "min_value": -6.7883067500496e-08,
            "min_sentence": "poljedelsko delo\n",
            "max_value": 8.13650705699942e-08,
            "max_sentence": "varilsko delo\n"
        },
        "positive_to_positive_mixed": {
            "average": 2.0832437309021324e-08,
            "standard_deviation": 5.206719202338787e-08,
            "min_value": -9.035307280136351e-08,
            "min_sentence": "poljedelsko delo\n",
            "max_value": 1.9891867575339006e-07,
            "max_sentence": "logopedsko delo\n"
        },
        "negative_to_negative": {
            "average": -3.1543558970510848e-09,
            "standard_deviation": 2.2833674926347402e-08,
            "min_value": -6.480822467569425e-08,
            "min_sentence": "pediatrij\u0161ko delo\n",
            "max_value": 4.328432567923812e-08,
            "max_sentence": "okulisti\u010dno delo\n"
        },
        "negative_to_negative_mixed": {
            "average": 6.9317323153273825e-09,
            "standard_deviation": 3.993737091334862e-08,
            "min_value": -1.0052370735813554e-07,
            "min_sentence": "cerkovno delo\n",
            "max_value": 1.13296130255236e-07,
            "max_sentence": "to\u017eilsko delo\n"
        },
        "neutral_to_neutral": {
            "average": 2.0624092802834976e-08,
            "standard_deviation": 4.1692728225368224e-08,
            "min_value": -5.9131591734207234e-08,
            "min_sentence": "nevrokirur\u0161ko delo\n",
            "max_value": 1.2606855448460408e-07,
            "max_sentence": "ortopedsko delo\n"
        },
        "neutral_to_neutral_mixed": {
            "average": 2.5234847248218848e-08,
            "standard_deviation": 6.875926820198575e-08,
            "min_value": -1.229937105495793e-07,
            "min_sentence": "kostumografsko delo\n",
            "max_value": 2.086162576020456e-07,
            "max_sentence": "ortopedsko delo\n"
        },
        "directional_bias_alligned": {
            "average": -9.49225606532953e-09,
            "standard_deviation": 3.550014501097565e-08,
            "min_value": -1.0809255013288777e-07,
            "min_sentence": "livarsko delo\n",
            "max_value": 1.054907600162025e-07,
            "max_sentence": "lon\u010darsko delo\n"
        },
        "directional_bias_alligned_mixed": {
            "average": -4.402409939197522e-09,
            "standard_deviation": 5.0234364562344745e-08,
            "min_value": -1.5350561310967237e-07,
            "min_sentence": "livarsko delo\n",
            "max_value": 1.2323023779181597e-07,
            "max_sentence": "opti\u010darsko delo\n"
        },
        "directional_bias_from_neutrals": {
            "average": -6.354004103957504e-09,
            "standard_deviation": 3.333119962755169e-08,
            "min_value": -9.035307280136351e-08,
            "min_sentence": "livarsko delo\n",
            "max_value": 1.0146981155312318e-07,
            "max_sentence": "lon\u010darsko delo\n"
        },
        "spread": {
            "average": 1.428619263455653e-08,
            "standard_deviation": 3.261625488057631e-08,
            "min_value": -6.409864550249722e-08,
            "min_sentence": "odvetni\u0161ko delo\n",
            "max_value": 1.2299371210389154e-07,
            "max_sentence": "lon\u010darsko delo\n"
        }
    },
    "glue": {
        "boolq": {
            "eval_loss": 0.7232110500335693,
            "eval_accuracy": 0.6,
            "eval_runtime": 0.1196,
            "eval_samples_per_second": 41.801,
            "eval_steps_per_second": 8.36,
            "epoch": 10.0
        },
        "cb": {
            "eval_loss": 1.080374836921692,
            "eval_accuracy": 0.0,
            "eval_f1": 0.0,
            "eval_runtime": 0.1524,
            "eval_samples_per_second": 39.366,
            "eval_steps_per_second": 6.561,
            "epoch": 10.0
        },
        "copa": {
            "eval_loss": 0.6934899091720581,
            "eval_accuracy": 0.0,
            "eval_runtime": 0.8448,
            "eval_samples_per_second": 47.349,
            "eval_steps_per_second": 2.367,
            "epoch": 10.0
        },
        "rte": {
            "eval_loss": 0.7011737823486328,
            "eval_accuracy": 0.3333333333333333,
            "eval_runtime": 0.1277,
            "eval_samples_per_second": 93.944,
            "eval_steps_per_second": 7.829,
            "epoch": 10.0
        }
    }
}