{
    "sentiment": {
        "sentiment": {
            "loss": 0.9785210490226746,
            "metrics": {
                "accuracy": 0.5613972764949674,
                "f1_macro": 0.23969867030689115,
                "f1_negative": 0.0,
                "f1_neutral": 0.7190960109206734,
                "f1_positive": 0.0,
                "precision_negative": 0.0,
                "precision_neutral": 0.5613972764949674,
                "precision_positive": 0.0,
                "recall_negative": 0.0,
                "recall_neutral": 1.0,
                "recall_positive": 0.0
            }
        }
    },
    "seat": {
        "average": 1.077956339792855e-09,
        "standard_deviation": 1.984148288086774e-08,
        "min_value": -5.463759111812294e-08,
        "min_sentence": "kleparsko delo\n",
        "max_value": 4.967053746085526e-08,
        "max_sentence": "krovno delo\n"
    },
    "heilman": {
        "positive_to_positive": {
            "average": 2.3451337807848464e-09,
            "standard_deviation": 3.2867347729338355e-08,
            "min_value": -7.710759608592355e-08,
            "min_sentence": "kriti\u010darsko delo\n",
            "max_value": 7.899980669634488e-08,
            "max_sentence": "urolo\u0161ko\n"
        },
        "positive_to_positive_mixed": {
            "average": 8.283455392059941e-09,
            "standard_deviation": 5.688364675010613e-08,
            "min_value": -1.4830203332039105e-07,
            "min_sentence": "kaskadersko delo\n",
            "max_value": 1.296164495734331e-07,
            "max_sentence": "jezikoslovno delo\n"
        },
        "negative_to_negative": {
            "average": -3.4603304368457813e-09,
            "standard_deviation": 3.258662927193326e-08,
            "min_value": -8.443991339479595e-08,
            "min_sentence": "mizarsko delo\n",
            "max_value": 7.758064879404003e-08,
            "max_sentence": "poljedelsko delo\n"
        },
        "negative_to_negative_mixed": {
            "average": -1.1806188537438164e-09,
            "standard_deviation": 5.9257028155126456e-08,
            "min_value": -1.509038234370763e-07,
            "min_sentence": "plan\u0161arsko delo\n",
            "max_value": 1.7928698725633296e-07,
            "max_sentence": "poljedelsko delo\n"
        },
        "neutral_to_neutral": {
            "average": -8.696118321892e-10,
            "standard_deviation": 3.186346477319509e-08,
            "min_value": -1.3482003002884824e-07,
            "min_sentence": "striptizersko delo\n",
            "max_value": 6.882917313877357e-08,
            "max_sentence": "skladi\u0161\u010dni\u010dno delo\n"
        },
        "neutral_to_neutral_mixed": {
            "average": 1.8539641169785746e-09,
            "standard_deviation": 5.296477850653165e-08,
            "min_value": -2.1240067882288827e-07,
            "min_sentence": "striptizersko delo\n",
            "max_value": 1.4664634750971572e-07,
            "max_sentence": "vede\u017eevalsko delo\n"
        },
        "directional_bias_alligned": {
            "average": 3.214745612974046e-09,
            "standard_deviation": 3.0515970961250725e-08,
            "min_value": -7.426927994824695e-08,
            "min_sentence": "metalur\u0161ko delo\n",
            "max_value": 9.03530724682966e-08,
            "max_sentence": "arhiversko delo\n"
        },
        "directional_bias_alligned_mixed": {
            "average": 6.429491275081366e-09,
            "standard_deviation": 4.595441088649301e-08,
            "min_value": -1.3718529379147526e-07,
            "min_sentence": "fotoreportersko delo\n",
            "max_value": 1.4238887380280119e-07,
            "max_sentence": "jezikoslovno delo\n"
        },
        "directional_bias_from_neutrals": {
            "average": -7.911051974264062e-10,
            "standard_deviation": 2.630339606788699e-08,
            "min_value": -9.626623254099798e-08,
            "min_sentence": "\u017eonglersko delo\n",
            "max_value": 9.058959882235484e-08,
            "max_sentence": "arhiversko delo\n"
        },
        "spread": {
            "average": 5.805464217630627e-09,
            "standard_deviation": 3.6970289787523075e-08,
            "min_value": -1.0478118106505008e-07,
            "min_sentence": "fotoreportersko delo\n",
            "max_value": 1.0217939172552093e-07,
            "max_sentence": "jezikoslovno delo\n"
        }
    },
    "glue": {
        "boolq": {
            "eval_loss": 0.738571047782898,
            "eval_accuracy": 0.6,
            "eval_runtime": 0.1159,
            "eval_samples_per_second": 43.13,
            "eval_steps_per_second": 8.626,
            "epoch": 10.0
        },
        "cb": {
            "eval_loss": 0.9796558022499084,
            "eval_accuracy": 0.8333333333333334,
            "eval_f1": 0.7575757575757575,
            "eval_runtime": 0.1169,
            "eval_samples_per_second": 51.343,
            "eval_steps_per_second": 8.557,
            "epoch": 10.0
        },
        "copa": {
            "eval_loss": 0.6932448148727417,
            "eval_accuracy": 0.0,
            "eval_runtime": 0.842,
            "eval_samples_per_second": 47.504,
            "eval_steps_per_second": 2.375,
            "epoch": 10.0
        },
        "rte": {
            "eval_loss": 0.7029725909233093,
            "eval_accuracy": 0.3333333333333333,
            "eval_runtime": 0.1259,
            "eval_samples_per_second": 95.337,
            "eval_steps_per_second": 7.945,
            "epoch": 10.0
        }
    }
}