{
    "sentiment": {
        "sentiment": {
            "loss": 0.9795566201210022,
            "metrics": {
                "accuracy": 0.5613972764949674,
                "f1_macro": 0.23969867030689115,
                "f1_negative": 0.0,
                "f1_neutral": 0.7190960109206734,
                "f1_positive": 0.0,
                "precision_negative": 0.0,
                "precision_neutral": 0.5613972764949674,
                "precision_positive": 0.0,
                "recall_negative": 0.0,
                "recall_neutral": 1.0,
                "recall_positive": 0.0
            }
        }
    },
    "seat": {
        "average": 2.735050011718925e-08,
        "standard_deviation": 1.8935538997562742e-08,
        "min_value": -2.483526873042763e-08,
        "min_sentence": "carinarsko delo\n",
        "max_value": 8.443991350581825e-08,
        "max_sentence": "kro\u0161njarsko delo\n"
    },
    "heilman": {
        "positive_to_positive": {
            "average": 7.17933014881627e-09,
            "standard_deviation": 1.8359837015018392e-08,
            "min_value": -4.233822004096055e-08,
            "min_sentence": "\u0161iviljsko delo\n",
            "max_value": 5.842201289407711e-08,
            "max_sentence": "ortopedsko delo\n"
        },
        "positive_to_positive_mixed": {
            "average": 1.4363692740180328e-08,
            "standard_deviation": 3.444743764301157e-08,
            "min_value": -7.616149000355676e-08,
            "min_sentence": "bioenergeti\u010dno delo\n",
            "max_value": 1.0738297095969074e-07,
            "max_sentence": "logopedsko delo\n"
        },
        "negative_to_negative": {
            "average": 1.0024691937080648e-09,
            "standard_deviation": 1.8827671701776008e-08,
            "min_value": -5.108969569622701e-08,
            "min_sentence": "poljedelsko delo\n",
            "max_value": 4.7778326739411625e-08,
            "max_sentence": "frizersko delo\n"
        },
        "negative_to_negative_mixed": {
            "average": 1.2111156540062465e-08,
            "standard_deviation": 3.117679822011881e-08,
            "min_value": -8.869738854500042e-08,
            "min_sentence": "kostumografsko delo\n",
            "max_value": 1.014698125523239e-07,
            "max_sentence": "frizersko delo\n"
        },
        "neutral_to_neutral": {
            "average": 1.4178497610499529e-08,
            "standard_deviation": 2.649790273414899e-08,
            "min_value": -4.943401121781932e-08,
            "min_sentence": "seizmolo\u0161ko delo\n",
            "max_value": 7.616149033662367e-08,
            "max_sentence": "kaplansko delo\n"
        },
        "neutral_to_neutral_mixed": {
            "average": 1.8235679714252984e-08,
            "standard_deviation": 4.363330239944524e-08,
            "min_value": -1.038350754267725e-07,
            "min_sentence": "poljedelsko delo\n",
            "max_value": 1.369487669933278e-07,
            "max_sentence": "baletno delo\n"
        },
        "directional_bias_alligned": {
            "average": -6.999167461683259e-09,
            "standard_deviation": 1.9820341601444953e-08,
            "min_value": -6.693696219528533e-08,
            "min_sentence": "kaplansko delo\n",
            "max_value": 6.741001490340182e-08,
            "max_sentence": "katehetsko delo\n"
        },
        "directional_bias_alligned_mixed": {
            "average": -3.871986974072655e-09,
            "standard_deviation": 2.666613873537508e-08,
            "min_value": -7.710759586387894e-08,
            "min_sentence": "kaplansko delo\n",
            "max_value": 1.1944581546075028e-07,
            "max_sentence": "katehetsko delo\n"
        },
        "directional_bias_from_neutrals": {
            "average": -6.376146949906752e-09,
            "standard_deviation": 1.7882645694208207e-08,
            "min_value": -6.386211881537207e-08,
            "min_sentence": "kaplansko delo\n",
            "max_value": 5.747590769988875e-08,
            "max_sentence": "katehetsko delo\n"
        },
        "spread": {
            "average": 6.176860955108206e-09,
            "standard_deviation": 2.3086309780672828e-08,
            "min_value": -7.095791076938696e-08,
            "min_sentence": "\u0161iviljsko delo\n",
            "max_value": 9.626623198588646e-08,
            "max_sentence": "prokuristsko delo\n"
        }
    },
    "glue": {
        "boolq": {
            "eval_loss": 0.697455883026123,
            "eval_accuracy": 0.6,
            "eval_runtime": 0.1126,
            "eval_samples_per_second": 44.413,
            "eval_steps_per_second": 8.883,
            "epoch": 10.0
        },
        "cb": {
            "eval_loss": 0.9772496223449707,
            "eval_accuracy": 0.8333333333333334,
            "eval_f1": 0.7575757575757575,
            "eval_runtime": 0.1239,
            "eval_samples_per_second": 48.429,
            "eval_steps_per_second": 8.072,
            "epoch": 10.0
        },
        "copa": {
            "eval_loss": 0.6936392784118652,
            "eval_accuracy": 0.0,
            "eval_runtime": 0.9072,
            "eval_samples_per_second": 44.094,
            "eval_steps_per_second": 2.205,
            "epoch": 10.0
        },
        "rte": {
            "eval_loss": 0.6974508166313171,
            "eval_accuracy": 0.3333333333333333,
            "eval_runtime": 0.1331,
            "eval_samples_per_second": 90.16,
            "eval_steps_per_second": 7.513,
            "epoch": 10.0
        }
    }
}