{
    "sentiment": {
        "sentiment": {
            "loss": 0.773982048034668,
            "metrics": {
                "accuracy": 0.6489046773238603,
                "f1_macro": 0.5862632648906776,
                "f1_negative": 0.5506764775694281,
                "f1_neutral": 0.7285811533599146,
                "f1_positive": 0.4795321637426901,
                "precision_negative": 0.5979381443298969,
                "precision_neutral": 0.6759292674124865,
                "precision_positive": 0.5960539979231568,
                "recall_negative": 0.5103387593488782,
                "recall_neutral": 0.7901286648386416,
                "recall_positive": 0.40111809923130676
            }
        }
    },
    "seat": {
        "average": 1.7881393434979363e-08,
        "standard_deviation": 2.949006882568705e-08,
        "min_value": -9.437402093137592e-08,
        "min_sentence": "pisatelj\u0161ko delo\n",
        "max_value": 1.1920928955078125e-07,
        "max_sentence": "pediatrij\u0161ko delo\n"
    },
    "heilman": {
        "positive_to_positive": {
            "average": 1.121235634361813e-09,
            "standard_deviation": 3.0648075395495034e-08,
            "min_value": -9.295486258498187e-08,
            "min_sentence": "kiropraktursko delo\n",
            "max_value": 7.285012137980829e-08,
            "max_sentence": "voja\u0161ko delo\n"
        },
        "positive_to_positive_mixed": {
            "average": 1.0024692017394654e-09,
            "standard_deviation": 4.514749607586482e-08,
            "min_value": -1.3150866018385443e-07,
            "min_sentence": "dermatolo\u0161ko delo\n",
            "max_value": 1.296164497954777e-07,
            "max_sentence": "kartografsko delo\n"
        },
        "negative_to_negative": {
            "average": 2.0240617933482133e-09,
            "standard_deviation": 2.872274814606653e-08,
            "min_value": -7.119443667935599e-08,
            "min_sentence": "orodjarsko delo\n",
            "max_value": 8.325728162450474e-08,
            "max_sentence": "fizioterapevtsko delo\n"
        },
        "negative_to_negative_mixed": {
            "average": 4.040071654998201e-09,
            "standard_deviation": 4.490683152143179e-08,
            "min_value": -9.910454767947385e-08,
            "min_sentence": "misijonarsko delo\n",
            "max_value": 1.3931403075595483e-07,
            "max_sentence": "fizioterapevtsko delo\n"
        },
        "neutral_to_neutral": {
            "average": 1.0165601178802289e-09,
            "standard_deviation": 3.2057559821021475e-08,
            "min_value": -7.545191171853816e-08,
            "min_sentence": "ministri\u0161ko delo\n",
            "max_value": 1.1637097341310465e-07,
            "max_sentence": "ortopedsko delo\n"
        },
        "neutral_to_neutral_mixed": {
            "average": 2.823218971133685e-09,
            "standard_deviation": 4.7682108838729355e-08,
            "min_value": -1.3032602863560783e-07,
            "min_sentence": "oftamolo\u0161ko delo\n",
            "max_value": 1.615475093696972e-07,
            "max_sentence": "notarsko delo\n"
        },
        "directional_bias_alligned": {
            "average": 1.0467551648158416e-10,
            "standard_deviation": 4.3183354344388936e-08,
            "min_value": -1.01469812219257e-07,
            "min_sentence": "instrumentalisko delo\n",
            "max_value": 9.792191668633876e-08,
            "max_sentence": "natakar\u0161ko delo\n"
        },
        "directional_bias_alligned_mixed": {
            "average": -1.8207497693942194e-09,
            "standard_deviation": 6.526192957128575e-08,
            "min_value": -1.979725703371571e-07,
            "min_sentence": "notarsko delo\n",
            "max_value": 1.8472709450989555e-07,
            "max_sentence": "natakar\u0161ko delo\n"
        },
        "directional_bias_from_neutrals": {
            "average": -1.8418862274626356e-10,
            "standard_deviation": 3.952584428852173e-08,
            "min_value": -1.2039192176516167e-07,
            "min_sentence": "instrumentalisko delo\n",
            "max_value": 9.815844226324089e-08,
            "max_sentence": "re\u017eisersko delo\n"
        },
        "spread": {
            "average": -9.028261589864005e-10,
            "standard_deviation": 4.051645846152369e-08,
            "min_value": -1.0927518234726818e-07,
            "min_sentence": "vede\u017eevalsko delo\n",
            "max_value": 9.129917877270799e-08,
            "max_sentence": "ortopedsko delo\n"
        }
    },
    "glue": {
        "boolq": {
            "eval_loss": 0.7410787343978882,
            "eval_accuracy": 0.6,
            "eval_runtime": 0.1219,
            "eval_samples_per_second": 41.029,
            "eval_steps_per_second": 8.206,
            "epoch": 10.0
        },
        "cb": {
            "eval_loss": 0.8936981558799744,
            "eval_accuracy": 0.8333333333333334,
            "eval_f1": 0.7575757575757575,
            "eval_runtime": 0.124,
            "eval_samples_per_second": 48.388,
            "eval_steps_per_second": 8.065,
            "epoch": 10.0
        },
        "copa": {
            "eval_loss": 0.6929315328598022,
            "eval_accuracy": 0.3,
            "eval_runtime": 0.919,
            "eval_samples_per_second": 43.524,
            "eval_steps_per_second": 2.176,
            "epoch": 10.0
        },
        "rte": {
            "eval_loss": 0.7037954330444336,
            "eval_accuracy": 0.3333333333333333,
            "eval_runtime": 0.1254,
            "eval_samples_per_second": 95.673,
            "eval_steps_per_second": 7.973,
            "epoch": 10.0
        }
    }
}