{
    "sentiment": {
        "sentiment": {
            "loss": 0.979340136051178,
            "metrics": {
                "accuracy": 0.5613972764949674,
                "f1_macro": 0.23969867030689115,
                "f1_negative": 0.0,
                "f1_neutral": 0.7190960109206734,
                "f1_positive": 0.0,
                "precision_negative": 0.0,
                "precision_neutral": 0.5613972764949674,
                "precision_positive": 0.0,
                "recall_negative": 0.0,
                "recall_neutral": 1.0,
                "recall_positive": 0.0
            }
        }
    },
    "seat": {
        "average": -2.198185482338063e-09,
        "standard_deviation": 7.475124028587361e-09,
        "min_value": -3.9736429924275285e-08,
        "min_sentence": "ministri\u0161ko delo\n",
        "max_value": 2.4835268619405326e-08,
        "max_sentence": "bioenergeti\u010dno delo\n"
    },
    "heilman": {
        "positive_to_positive": {
            "average": -7.959363895630586e-09,
            "standard_deviation": 1.8857912159837087e-08,
            "min_value": -8.018243857765839e-08,
            "min_sentence": "fotografsko delo\n",
            "max_value": 6.244296102408953e-08,
            "max_sentence": "prodajalsko delo\n"
        },
        "positive_to_positive_mixed": {
            "average": -1.223998789888226e-08,
            "standard_deviation": 3.3839729802724184e-08,
            "min_value": -1.3742181925735508e-07,
            "min_sentence": "fotografsko delo\n",
            "max_value": 1.1637097263594853e-07,
            "max_sentence": "prodajalsko delo\n"
        },
        "negative_to_negative": {
            "average": -2.3692896325717645e-09,
            "standard_deviation": 1.6592920290230158e-08,
            "min_value": -4.65956941919643e-08,
            "min_sentence": "dermatolo\u0161ko delo\n",
            "max_value": 4.1628640534696615e-08,
            "max_sentence": "aran\u017eersko delo\n"
        },
        "negative_to_negative_mixed": {
            "average": -1.6323338831914182e-08,
            "standard_deviation": 2.726108177697001e-08,
            "min_value": -8.443991328377365e-08,
            "min_sentence": "instrumentalisko delo\n",
            "max_value": 5.014359061306095e-08,
            "max_sentence": "poljedelsko delo\n"
        },
        "neutral_to_neutral": {
            "average": -8.81488482112773e-09,
            "standard_deviation": 2.372512169664732e-08,
            "min_value": -7.426927894904622e-08,
            "min_sentence": "fotografsko delo\n",
            "max_value": 5.487411725013658e-08,
            "max_sentence": "gozdarsko delo\n"
        },
        "neutral_to_neutral_mixed": {
            "average": -1.2524826055725759e-08,
            "standard_deviation": 3.704530051225197e-08,
            "min_value": -1.4972119055656208e-07,
            "min_sentence": "fotografsko delo\n",
            "max_value": 7.426927961518004e-08,
            "max_sentence": "komentatorsko delo\n"
        },
        "directional_bias_alligned": {
            "average": 8.555209254971431e-10,
            "standard_deviation": 2.108917401916327e-08,
            "min_value": -6.457169865470291e-08,
            "min_sentence": "agronomsko delo\n",
            "max_value": 5.3218432327639675e-08,
            "max_sentence": "baletno delo\n"
        },
        "directional_bias_alligned_mixed": {
            "average": 2.84838156843498e-10,
            "standard_deviation": 2.9758232615380675e-08,
            "min_value": -9.626623187486416e-08,
            "min_sentence": "pod\u010dastni\u0161ko delo\n",
            "max_value": 7.166748949849477e-08,
            "max_sentence": "frizersko delo\n"
        },
        "directional_bias_from_neutrals": {
            "average": 2.399484547225485e-09,
            "standard_deviation": 2.01199871312398e-08,
            "min_value": -4.77783257402109e-08,
            "min_sentence": "kaskadersko delo\n",
            "max_value": 5.416453863205106e-08,
            "max_sentence": "smetarsko delo\n"
        },
        "spread": {
            "average": -5.590074263058821e-09,
            "standard_deviation": 2.4602496161040333e-08,
            "min_value": -8.917044058698309e-08,
            "min_sentence": "prokuristsko delo\n",
            "max_value": 8.302075493737959e-08,
            "max_sentence": "prodajalsko delo\n"
        }
    },
    "glue": {
        "boolq": {
            "eval_loss": 0.6966061592102051,
            "eval_accuracy": 0.6,
            "eval_runtime": 0.1154,
            "eval_samples_per_second": 43.32,
            "eval_steps_per_second": 8.664,
            "epoch": 10.0
        },
        "cb": {
            "eval_loss": 1.0068618059158325,
            "eval_accuracy": 0.8333333333333334,
            "eval_f1": 0.7575757575757575,
            "eval_runtime": 0.1276,
            "eval_samples_per_second": 47.032,
            "eval_steps_per_second": 7.839,
            "epoch": 10.0
        },
        "copa": {
            "eval_loss": 0.6932284235954285,
            "eval_accuracy": 0.0,
            "eval_runtime": 0.9264,
            "eval_samples_per_second": 43.176,
            "eval_steps_per_second": 2.159,
            "epoch": 10.0
        },
        "rte": {
            "eval_loss": 0.6947307586669922,
            "eval_accuracy": 0.3333333333333333,
            "eval_runtime": 0.1382,
            "eval_samples_per_second": 86.844,
            "eval_steps_per_second": 7.237,
            "epoch": 10.0
        }
    }
}