{
    "sentiment": {
        "sentiment": {
            "loss": 0.7406080365180969,
            "metrics": {
                "accuracy": 0.6638247483718176,
                "f1_macro": 0.6102357918416996,
                "f1_negative": 0.5730550284629982,
                "f1_neutral": 0.7380905317256375,
                "f1_positive": 0.5195618153364633,
                "precision_negative": 0.6217189912506433,
                "precision_neutral": 0.6944392784080342,
                "precision_positive": 0.5902222222222222,
                "recall_negative": 0.5314562252529696,
                "recall_neutral": 0.7875975532588062,
                "recall_positive": 0.4640111809923131
            }
        }
    },
    "seat": {
        "average": -5.4109181055372405e-09,
        "standard_deviation": 3.143977475033763e-08,
        "min_value": -1.1424223589351357e-07,
        "min_sentence": "baletno delo\n",
        "max_value": 1.0927518212522358e-07,
        "max_sentence": "sla\u0161\u010di\u010darsko delo\n"
    },
    "heilman": {
        "positive_to_positive": {
            "average": -1.3617880095441016e-09,
            "standard_deviation": 3.420395570842487e-08,
            "min_value": -1.1779013087132029e-07,
            "min_sentence": "paleontolo\u0161ko delo\n",
            "max_value": 1.0667339200853831e-07,
            "max_sentence": "klju\u010darsko delo\n"
        },
        "positive_to_positive_mixed": {
            "average": 4.700332199109155e-10,
            "standard_deviation": 5.030599129119343e-08,
            "min_value": -1.419158204285509e-07,
            "min_sentence": "ekolo\u0161ko delo\n",
            "max_value": 1.6083792986343326e-07,
            "max_sentence": "matemati\u010darsko delo\n"
        },
        "negative_to_negative": {
            "average": 4.688254567542906e-09,
            "standard_deviation": 3.232577509736313e-08,
            "min_value": -7.56884380725964e-08,
            "min_sentence": "gasilsko delo\n",
            "max_value": 1.1708055203119017e-07,
            "max_sentence": "kaskadersko delo\n"
        },
        "negative_to_negative_mixed": {
            "average": 8.235143588329815e-09,
            "standard_deviation": 4.6353760948181766e-08,
            "min_value": -1.2039192132107246e-07,
            "min_sentence": "psihiatrijsko delo\n",
            "max_value": 1.504307698407814e-07,
            "max_sentence": "klovnsko delo\n"
        },
        "neutral_to_neutral": {
            "average": -2.3994845250210243e-09,
            "standard_deviation": 3.3072516005627295e-08,
            "min_value": -9.08261257315246e-08,
            "min_sentence": "urolo\u0161ko\n",
            "max_value": 7.97093857585196e-08,
            "max_sentence": "vratarsko delo\n"
        },
        "neutral_to_neutral_mixed": {
            "average": -2.1911400051340507e-09,
            "standard_deviation": 4.7930263777129284e-08,
            "min_value": -1.2299371121571312e-07,
            "min_sentence": "ginekolo\u0161ko delo\n",
            "max_value": 1.222841321535384e-07,
            "max_sentence": "ilustratorsko delo\n"
        },
        "directional_bias_alligned": {
            "average": 1.037696515476923e-09,
            "standard_deviation": 4.6890804711188116e-08,
            "min_value": -1.222841319314938e-07,
            "min_sentence": "paleontolo\u0161ko delo\n",
            "max_value": 1.267781329916673e-07,
            "max_sentence": "lekarnikar\u0161ko delo\n"
        },
        "directional_bias_alligned_mixed": {
            "average": 2.6611732250449664e-09,
            "standard_deviation": 6.806079883718696e-08,
            "min_value": -1.549247703458434e-07,
            "min_sentence": "ekolo\u0161ko delo\n",
            "max_value": 1.7881393454821648e-07,
            "max_sentence": "lekarnikar\u0161ko delo\n"
        },
        "directional_bias_from_neutrals": {
            "average": 8.182805983630504e-10,
            "standard_deviation": 4.100075058392881e-08,
            "min_value": -9.413749491038459e-08,
            "min_sentence": "maskersko delo\n",
            "max_value": 1.0265244421159281e-07,
            "max_sentence": "bibliote\u0161ko delo\n"
        },
        "spread": {
            "average": -6.050042577087007e-09,
            "standard_deviation": 4.680993032027101e-08,
            "min_value": -1.5941877196112841e-07,
            "min_sentence": "kaskadersko delo\n",
            "max_value": 1.166074999892075e-07,
            "max_sentence": "artisti\u010dno delo\n"
        }
    },
    "glue": {
        "boolq": {
            "eval_loss": 0.7422330379486084,
            "eval_accuracy": 0.6,
            "eval_runtime": 0.1578,
            "eval_samples_per_second": 31.684,
            "eval_steps_per_second": 6.337,
            "epoch": 10.0
        },
        "cb": {
            "eval_loss": 0.8845758438110352,
            "eval_accuracy": 0.8333333333333334,
            "eval_f1": 0.7575757575757575,
            "eval_runtime": 0.1431,
            "eval_samples_per_second": 41.916,
            "eval_steps_per_second": 6.986,
            "epoch": 10.0
        },
        "copa": {
            "eval_loss": 0.6933107376098633,
            "eval_accuracy": 0.0,
            "eval_runtime": 0.8938,
            "eval_samples_per_second": 44.754,
            "eval_steps_per_second": 2.238,
            "epoch": 10.0
        },
        "rte": {
            "eval_loss": 0.7039437890052795,
            "eval_accuracy": 0.3333333333333333,
            "eval_runtime": 0.1339,
            "eval_samples_per_second": 89.604,
            "eval_steps_per_second": 7.467,
            "epoch": 10.0
        }
    }
}