{
    "sentiment": {
        "sentiment": {
            "loss": 0.9791932702064514,
            "metrics": {
                "accuracy": 0.5613972764949674,
                "f1_macro": 0.23969867030689115,
                "f1_negative": 0.0,
                "f1_neutral": 0.7190960109206734,
                "f1_positive": 0.0,
                "precision_negative": 0.0,
                "precision_neutral": 0.5613972764949674,
                "precision_positive": 0.0,
                "recall_negative": 0.0,
                "recall_neutral": 1.0,
                "recall_positive": 0.0
            }
        }
    },
    "seat": {
        "average": 1.0673881427425188e-08,
        "standard_deviation": 1.679014134084804e-08,
        "min_value": -3.9736429924275285e-08,
        "min_sentence": "porodni\u0161ko delo\n",
        "max_value": 4.9670537349832955e-08,
        "max_sentence": "agronomsko delo\n"
    },
    "heilman": {
        "positive_to_positive": {
            "average": 5.358580346351578e-09,
            "standard_deviation": 2.4060867325400356e-08,
            "min_value": -5.2981906417670643e-08,
            "min_sentence": "kaskadersko delo\n",
            "max_value": 8.373033433262123e-08,
            "max_sentence": "geografsko delo\n"
        },
        "positive_to_positive_mixed": {
            "average": 9.229560816796744e-09,
            "standard_deviation": 3.732398369182419e-08,
            "min_value": -9.792191657531646e-08,
            "min_sentence": "avtomehani\u010darsko delo\n",
            "max_value": 1.3387392439057066e-07,
            "max_sentence": "geografsko delo\n"
        },
        "negative_to_negative": {
            "average": 5.0324762324263934e-11,
            "standard_deviation": 2.1730286307482167e-08,
            "min_value": -5.227232735549592e-08,
            "min_sentence": "dramati\u010dno delo\n",
            "max_value": 6.244296102408953e-08,
            "max_sentence": "pisatelj\u0161ko delo\n"
        },
        "negative_to_negative_mixed": {
            "average": -2.7567903128149307e-09,
            "standard_deviation": 3.221046827551527e-08,
            "min_value": -7.710759586387894e-08,
            "min_sentence": "dru\u017eabni\u0161ko delo\n",
            "max_value": 8.089201819494463e-08,
            "max_sentence": "tkalsko delo\n"
        },
        "neutral_to_neutral": {
            "average": 8.34787104217885e-09,
            "standard_deviation": 2.986472084480351e-08,
            "min_value": -7.521538569754682e-08,
            "min_sentence": "bibliote\u0161ko delo\n",
            "max_value": 7.261359535881695e-08,
            "max_sentence": "producentsko delo\n"
        },
        "neutral_to_neutral_mixed": {
            "average": 4.110526309874364e-09,
            "standard_deviation": 4.265989176900348e-08,
            "min_value": -1.1471528815754084e-07,
            "min_sentence": "dramatur\u0161ko delo\n",
            "max_value": 1.1755360596055198e-07,
            "max_sentence": "to\u017eilsko delo\n"
        },
        "directional_bias_alligned": {
            "average": -2.989290695827271e-09,
            "standard_deviation": 2.9867216525732765e-08,
            "min_value": -8.041896570887275e-08,
            "min_sentence": "vinogradni\u0161ko delo\n",
            "max_value": 7.56884384056633e-08,
            "max_sentence": "akrobatsko delo\n"
        },
        "directional_bias_alligned_mixed": {
            "average": 5.11903450692238e-09,
            "standard_deviation": 4.024810618489128e-08,
            "min_value": -9.721233795723094e-08,
            "min_sentence": "poljedelsko delo\n",
            "max_value": 1.0738297095969074e-07,
            "max_sentence": "pediatrij\u0161ko delo\n"
        },
        "directional_bias_from_neutrals": {
            "average": -2.42565337792126e-09,
            "standard_deviation": 2.991284255823631e-08,
            "min_value": -7.829022807825936e-08,
            "min_sentence": "producentsko delo\n",
            "max_value": 8.562254594224328e-08,
            "max_sentence": "akrobatsko delo\n"
        },
        "spread": {
            "average": 5.308255584027314e-09,
            "standard_deviation": 3.056918876257595e-08,
            "min_value": -7.285012060265217e-08,
            "min_sentence": "varnostno delo\n",
            "max_value": 8.18381237221999e-08,
            "max_sentence": "nevrolo\u0161ko delo\n"
        }
    },
    "glue": {
        "boolq": {
            "eval_loss": 0.7368447780609131,
            "eval_accuracy": 0.6,
            "eval_runtime": 0.1136,
            "eval_samples_per_second": 44.015,
            "eval_steps_per_second": 8.803,
            "epoch": 10.0
        },
        "cb": {
            "eval_loss": 0.9913656115531921,
            "eval_accuracy": 0.8333333333333334,
            "eval_f1": 0.7575757575757575,
            "eval_runtime": 0.1274,
            "eval_samples_per_second": 47.077,
            "eval_steps_per_second": 7.846,
            "epoch": 10.0
        },
        "copa": {
            "eval_loss": 0.6932305097579956,
            "eval_accuracy": 0.0,
            "eval_runtime": 0.9868,
            "eval_samples_per_second": 40.537,
            "eval_steps_per_second": 2.027,
            "epoch": 10.0
        },
        "rte": {
            "eval_loss": 0.7018628716468811,
            "eval_accuracy": 0.3333333333333333,
            "eval_runtime": 0.1251,
            "eval_samples_per_second": 95.893,
            "eval_steps_per_second": 7.991,
            "epoch": 10.0
        }
    }
}