{
    "sentiment": {
        "sentiment": {
            "loss": 0.9785195589065552,
            "metrics": {
                "accuracy": 0.5613972764949674,
                "f1_macro": 0.23969867030689115,
                "f1_negative": 0.0,
                "f1_neutral": 0.7190960109206734,
                "f1_positive": 0.0,
                "precision_negative": 0.0,
                "precision_neutral": 0.5613972764949674,
                "precision_positive": 0.0,
                "recall_negative": 0.0,
                "recall_neutral": 1.0,
                "recall_positive": 0.0
            }
        }
    },
    "seat": {
        "average": 2.1939582016376362e-08,
        "standard_deviation": 2.7358580008908767e-08,
        "min_value": -4.967053746085526e-08,
        "min_sentence": "urolo\u0161ko\n",
        "max_value": 9.437402093137592e-08,
        "max_sentence": "kiparsko delo\n"
    },
    "heilman": {
        "positive_to_positive": {
            "average": -1.396008822488683e-09,
            "standard_deviation": 3.2608961891510054e-08,
            "min_value": -8.538601936614043e-08,
            "min_sentence": "korepetitorsko delo\n",
            "max_value": 9.058959926644405e-08,
            "max_sentence": "\u0161kofijsko delo\n"
        },
        "positive_to_positive_mixed": {
            "average": 1.4704894682530325e-09,
            "standard_deviation": 5.352714648248557e-08,
            "min_value": -1.357661347789474e-07,
            "min_sentence": "korepetitorsko delo\n",
            "max_value": 1.783408820621446e-07,
            "max_sentence": "\u0161kofijsko delo\n"
        },
        "negative_to_negative": {
            "average": -2.473965144801431e-09,
            "standard_deviation": 2.437100905413933e-08,
            "min_value": -6.055074996957899e-08,
            "min_sentence": "davkarsko delo\n",
            "max_value": 7.048485728411436e-08,
            "max_sentence": "kiropraktursko delo\n"
        },
        "negative_to_negative_mixed": {
            "average": -6.7274138080606195e-09,
            "standard_deviation": 3.789863002810935e-08,
            "min_value": -1.1708055214221247e-07,
            "min_sentence": "mlinarsko delo\n",
            "max_value": 1.2204760579948015e-07,
            "max_sentence": "vratarsko delo\n"
        },
        "neutral_to_neutral": {
            "average": -1.622470213971956e-09,
            "standard_deviation": 2.8961654031843274e-08,
            "min_value": -1.1731707849627071e-07,
            "min_sentence": "kartografsko delo\n",
            "max_value": 6.717348877138818e-08,
            "max_sentence": "veleposlansko delo\n"
        },
        "neutral_to_neutral_mixed": {
            "average": -6.922673845041454e-09,
            "standard_deviation": 4.4349506998245194e-08,
            "min_value": -2.1689467954999486e-07,
            "min_sentence": "kartografsko delo\n",
            "max_value": 1.3552960931306757e-07,
            "max_sentence": "strugarsko delo\n"
        },
        "directional_bias_alligned": {
            "average": 2.26461391483273e-10,
            "standard_deviation": 3.621361577806033e-08,
            "min_value": -8.538601903307352e-08,
            "min_sentence": "carinarsko delo\n",
            "max_value": 1.0785602366780722e-07,
            "max_sentence": "ministri\u0161ko delo\n"
        },
        "directional_bias_alligned_mixed": {
            "average": 8.393163313294487e-09,
            "standard_deviation": 5.3731329830316304e-08,
            "min_value": -1.1140391986685927e-07,
            "min_sentence": "masersko delo\n",
            "max_value": 1.7242772254455474e-07,
            "max_sentence": "\u0161kofijsko delo\n"
        },
        "directional_bias_from_neutrals": {
            "average": -1.3819179181588028e-09,
            "standard_deviation": 2.7763155577843374e-08,
            "min_value": -6.693696263937454e-08,
            "min_sentence": "carinarsko delo\n",
            "max_value": 7.143096392159265e-08,
            "max_sentence": "notarsko delo\n"
        },
        "spread": {
            "average": 1.077956322312748e-09,
            "standard_deviation": 3.789358296195915e-08,
            "min_value": -9.36644422022681e-08,
            "min_sentence": "\u010devljarsko delo\n",
            "max_value": 9.863149541544658e-08,
            "max_sentence": "bioenergeti\u010dno delo\n"
        }
    },
    "glue": {
        "boolq": {
            "eval_loss": 0.7400239706039429,
            "eval_accuracy": 0.6,
            "eval_runtime": 0.1113,
            "eval_samples_per_second": 44.94,
            "eval_steps_per_second": 8.988,
            "epoch": 10.0
        },
        "cb": {
            "eval_loss": 0.9789220690727234,
            "eval_accuracy": 0.8333333333333334,
            "eval_f1": 0.7575757575757575,
            "eval_runtime": 0.124,
            "eval_samples_per_second": 48.398,
            "eval_steps_per_second": 8.066,
            "epoch": 10.0
        },
        "copa": {
            "eval_loss": 0.6932036280632019,
            "eval_accuracy": 0.0,
            "eval_runtime": 0.9092,
            "eval_samples_per_second": 43.996,
            "eval_steps_per_second": 2.2,
            "epoch": 10.0
        },
        "rte": {
            "eval_loss": 0.7029986381530762,
            "eval_accuracy": 0.3333333333333333,
            "eval_runtime": 0.1338,
            "eval_samples_per_second": 89.675,
            "eval_steps_per_second": 7.473,
            "epoch": 10.0
        }
    }
}