{
    "sentiment": {
        "sentiment": {
            "loss": 0.9793850779533386,
            "metrics": {
                "accuracy": 0.5613972764949674,
                "f1_macro": 0.23969867030689115,
                "f1_negative": 0.0,
                "f1_neutral": 0.7190960109206734,
                "f1_positive": 0.0,
                "precision_negative": 0.0,
                "precision_neutral": 0.5613972764949674,
                "precision_positive": 0.0,
                "recall_negative": 0.0,
                "recall_neutral": 1.0,
                "recall_positive": 0.0
            }
        }
    },
    "seat": {
        "average": 4.544325765805527e-09,
        "standard_deviation": 7.434982934329024e-09,
        "min_value": -1.9868214962137642e-08,
        "min_sentence": "koreografsko delo\n",
        "max_value": 1.9868214962137642e-08,
        "max_sentence": "fotoreportersko delo\n"
    },
    "heilman": {
        "positive_to_positive": {
            "average": 2.149873727741211e-09,
            "standard_deviation": 1.2801657893592594e-08,
            "min_value": -2.7910111111140168e-08,
            "min_sentence": "poljedelsko delo\n",
            "max_value": 4.5413062643717694e-08,
            "max_sentence": "\u010debelarsko delo\n"
        },
        "positive_to_positive_mixed": {
            "average": 3.3143886651758176e-09,
            "standard_deviation": 2.0776628137673657e-08,
            "min_value": -4.186516644466565e-08,
            "min_sentence": "vinogradni\u0161ko delo\n",
            "max_value": 8.58590714081231e-08,
            "max_sentence": "vratarsko delo\n"
        },
        "negative_to_negative": {
            "average": 6.04903638290466e-10,
            "standard_deviation": 1.6633474353560383e-08,
            "min_value": -5.250885404262107e-08,
            "min_sentence": "modelarsko delo\n",
            "max_value": 5.132622182824065e-08,
            "max_sentence": "dimnikarsko delo\n"
        },
        "negative_to_negative_mixed": {
            "average": 9.216476404755904e-09,
            "standard_deviation": 2.51621259132708e-08,
            "min_value": -5.747590714477724e-08,
            "min_sentence": "varnostno delo\n",
            "max_value": 8.538601914409583e-08,
            "max_sentence": "dimnikarsko delo\n"
        },
        "neutral_to_neutral": {
            "average": 3.8810454306579586e-09,
            "standard_deviation": 1.748212726751893e-08,
            "min_value": -4.777832662838932e-08,
            "min_sentence": "sla\u0161\u010di\u010darsko delo\n",
            "max_value": 6.267948748917007e-08,
            "max_sentence": "prokuristsko delo\n"
        },
        "neutral_to_neutral_mixed": {
            "average": 5.7380290278107006e-09,
            "standard_deviation": 2.5533170213748604e-08,
            "min_value": -5.771243394292469e-08,
            "min_sentence": "sla\u0161\u010di\u010darsko delo\n",
            "max_value": 1.2086497402918894e-07,
            "max_sentence": "fotografsko delo\n"
        },
        "directional_bias_alligned": {
            "average": -1.7311717029167479e-09,
            "standard_deviation": 1.9808506663882256e-08,
            "min_value": -6.33890668844117e-08,
            "min_sentence": "bioenergeti\u010dno delo\n",
            "max_value": 5.5583696423333606e-08,
            "max_sentence": "urarsko delo\n"
        },
        "directional_bias_alligned_mixed": {
            "average": -2.423640362634883e-09,
            "standard_deviation": 2.748044369993296e-08,
            "min_value": -7.592496431563234e-08,
            "min_sentence": "bioenergeti\u010dno delo\n",
            "max_value": 8.917044036493849e-08,
            "max_sentence": "govedorejsko delo\n"
        },
        "directional_bias_from_neutrals": {
            "average": -1.208800720040687e-09,
            "standard_deviation": 2.057040999871004e-08,
            "min_value": -7.119443623526678e-08,
            "min_sentence": "pirotehni\u010dno delo\n",
            "max_value": 6.433517196757776e-08,
            "max_sentence": "urarsko delo\n"
        },
        "spread": {
            "average": 1.5449700894507447e-09,
            "standard_deviation": 2.0367722270422645e-08,
            "min_value": -5.511064349317252e-08,
            "min_sentence": "fizioterapevtsko delo\n",
            "max_value": 6.126032958686523e-08,
            "max_sentence": "\u010debelarsko delo\n"
        }
    },
    "glue": {
        "boolq": {
            "eval_loss": 0.7302602529525757,
            "eval_accuracy": 0.6,
            "eval_runtime": 0.1137,
            "eval_samples_per_second": 43.97,
            "eval_steps_per_second": 8.794,
            "epoch": 10.0
        },
        "cb": {
            "eval_loss": 0.9937867522239685,
            "eval_accuracy": 0.8333333333333334,
            "eval_f1": 0.7575757575757575,
            "eval_runtime": 0.1529,
            "eval_samples_per_second": 39.245,
            "eval_steps_per_second": 6.541,
            "epoch": 10.0
        },
        "copa": {
            "eval_loss": 0.6933573484420776,
            "eval_accuracy": 0.0,
            "eval_runtime": 0.8961,
            "eval_samples_per_second": 44.639,
            "eval_steps_per_second": 2.232,
            "epoch": 10.0
        },
        "rte": {
            "eval_loss": 0.7000256180763245,
            "eval_accuracy": 0.3333333333333333,
            "eval_runtime": 0.135,
            "eval_samples_per_second": 88.913,
            "eval_steps_per_second": 7.409,
            "epoch": 10.0
        }
    }
}