{
    "sentiment": {
        "sentiment": {
            "loss": 0.9794015288352966,
            "metrics": {
                "accuracy": 0.5613972764949674,
                "f1_macro": 0.23969867030689115,
                "f1_negative": 0.0,
                "f1_neutral": 0.7190960109206734,
                "f1_positive": 0.0,
                "precision_negative": 0.0,
                "precision_neutral": 0.5613972764949674,
                "precision_positive": 0.0,
                "recall_negative": 0.0,
                "recall_neutral": 1.0,
                "recall_positive": 0.0
            }
        }
    },
    "seat": {
        "average": 8.919560315404853e-09,
        "standard_deviation": 1.2643536483964907e-08,
        "min_value": -1.4901161193847656e-08,
        "min_sentence": "sociolo\u0161ko delo\n",
        "max_value": 4.9670537349832955e-08,
        "max_sentence": "urolo\u0161ko\n"
    },
    "heilman": {
        "positive_to_positive": {
            "average": 3.301304218174763e-10,
            "standard_deviation": 5.055698842458803e-09,
            "min_value": -1.9158635788940614e-08,
            "min_sentence": "geografsko delo\n",
            "max_value": 2.885621719350695e-08,
            "max_sentence": "kartografsko delo\n"
        },
        "positive_to_positive_mixed": {
            "average": -6.532153711552934e-10,
            "standard_deviation": 8.026342792361188e-09,
            "min_value": -3.2877164990452457e-08,
            "min_sentence": "fotografsko delo\n",
            "max_value": 4.3047799103135276e-08,
            "max_sentence": "kartografsko delo\n"
        },
        "negative_to_negative": {
            "average": 1.1937032771231046e-09,
            "standard_deviation": 8.145115475855344e-09,
            "min_value": -1.9395162031976554e-08,
            "min_sentence": "producentsko delo\n",
            "max_value": 3.949990290408323e-08,
            "max_sentence": "geodetsko delo\n"
        },
        "negative_to_negative_mixed": {
            "average": -7.448063348103093e-11,
            "standard_deviation": 1.1980777246566535e-08,
            "min_value": -4.446695678339552e-08,
            "min_sentence": "dimnikarsko delo\n",
            "max_value": 5.108969558520471e-08,
            "max_sentence": "baletno delo\n"
        },
        "neutral_to_neutral": {
            "average": -4.388319043843913e-09,
            "standard_deviation": 1.0946461069489174e-08,
            "min_value": -4.3047799103135276e-08,
            "min_sentence": "vratarsko delo\n",
            "max_value": 5.534717040234227e-08,
            "max_sentence": "kostumografsko delo\n"
        },
        "neutral_to_neutral_mixed": {
            "average": -6.056081551135967e-09,
            "standard_deviation": 1.5583487756820396e-08,
            "min_value": -7.970938598056421e-08,
            "min_sentence": "dimnikarsko delo\n",
            "max_value": 7.048485795024817e-08,
            "max_sentence": "kostumografsko delo\n"
        },
        "directional_bias_alligned": {
            "average": 4.718449465661389e-09,
            "standard_deviation": 1.0563321224542511e-08,
            "min_value": -4.139211506881679e-08,
            "min_sentence": "kostumografsko delo\n",
            "max_value": 3.4769376044962996e-08,
            "max_sentence": "nevrokirur\u0161ko delo\n"
        },
        "directional_bias_alligned_mixed": {
            "average": 5.402866179980673e-09,
            "standard_deviation": 1.4142060797085055e-08,
            "min_value": -4.5413063531896114e-08,
            "min_sentence": "kostumografsko delo\n",
            "max_value": 6.386211981457279e-08,
            "max_sentence": "dimnikarsko delo\n"
        },
        "directional_bias_from_neutrals": {
            "average": 2.798056622333373e-09,
            "standard_deviation": 1.0259398614742869e-08,
            "min_value": -4.09190619166111e-08,
            "min_sentence": "kostumografsko delo\n",
            "max_value": 3.240411272642518e-08,
            "max_sentence": "seizmolo\u0161ko delo\n"
        },
        "spread": {
            "average": -8.635728553056281e-10,
            "standard_deviation": 9.179494816983513e-09,
            "min_value": -3.098495360287501e-08,
            "min_sentence": "geodetsko delo\n",
            "max_value": 3.358674427467179e-08,
            "max_sentence": "kartografsko delo\n"
        }
    },
    "glue": {
        "boolq": {
            "eval_loss": 0.7407068014144897,
            "eval_accuracy": 0.6,
            "eval_runtime": 0.1237,
            "eval_samples_per_second": 40.428,
            "eval_steps_per_second": 8.086,
            "epoch": 10.0
        },
        "cb": {
            "eval_loss": 0.9567298889160156,
            "eval_accuracy": 0.8333333333333334,
            "eval_f1": 0.7575757575757575,
            "eval_runtime": 0.1271,
            "eval_samples_per_second": 47.213,
            "eval_steps_per_second": 7.869,
            "epoch": 10.0
        },
        "copa": {
            "eval_loss": 0.693181037902832,
            "eval_accuracy": 0.0,
            "eval_runtime": 0.9098,
            "eval_samples_per_second": 43.965,
            "eval_steps_per_second": 2.198,
            "epoch": 10.0
        },
        "rte": {
            "eval_loss": 0.7020248770713806,
            "eval_accuracy": 0.3333333333333333,
            "eval_runtime": 0.1217,
            "eval_samples_per_second": 98.642,
            "eval_steps_per_second": 8.22,
            "epoch": 10.0
        }
    }
}