{
    "sentiment": {
        "sentiment": {
            "loss": 0.9792898297309875,
            "metrics": {
                "accuracy": 0.5613972764949674,
                "f1_macro": 0.23969867030689115,
                "f1_negative": 0.0,
                "f1_neutral": 0.7190960109206734,
                "f1_positive": 0.0,
                "precision_negative": 0.0,
                "precision_neutral": 0.5613972764949674,
                "precision_positive": 0.0,
                "recall_negative": 0.0,
                "recall_neutral": 1.0,
                "recall_positive": 0.0
            }
        }
    },
    "seat": {
        "average": -2.1242080842772704e-08,
        "standard_deviation": 1.2951764012659817e-08,
        "min_value": -6.457169843265831e-08,
        "min_sentence": "korepetitorsko delo\n",
        "max_value": 9.934107536579972e-09,
        "max_sentence": "govedorejsko delo\n"
    },
    "heilman": {
        "positive_to_positive": {
            "average": -1.692924901918593e-09,
            "standard_deviation": 1.7641802787852287e-08,
            "min_value": -5.4637590451989126e-08,
            "min_sentence": "kostumografsko delo\n",
            "max_value": 4.635916805995066e-08,
            "max_sentence": "nevrolo\u0161ko delo\n"
        },
        "positive_to_positive_mixed": {
            "average": -7.880857101657086e-10,
            "standard_deviation": 2.6494175478322548e-08,
            "min_value": -9.106265119740442e-08,
            "min_sentence": "kostumografsko delo\n",
            "max_value": 6.78830676115183e-08,
            "max_sentence": "napovedovalsko delo\n"
        },
        "negative_to_negative": {
            "average": 6.129555553431971e-10,
            "standard_deviation": 1.875919281952496e-08,
            "min_value": -6.102380234462856e-08,
            "min_sentence": "agronomsko delo\n",
            "max_value": 5.6293275596530634e-08,
            "max_sentence": "snemalsko delo\n"
        },
        "negative_to_negative_mixed": {
            "average": 3.93338311614371e-09,
            "standard_deviation": 2.7243166754744384e-08,
            "min_value": -7.994591255666705e-08,
            "min_sentence": "tajni\u0161ko delo\n",
            "max_value": 1.0620033963348874e-07,
            "max_sentence": "akvizitersko delo\n"
        },
        "neutral_to_neutral": {
            "average": 2.1780555704163148e-09,
            "standard_deviation": 2.0292719598500174e-08,
            "min_value": -5.014359016897174e-08,
            "min_sentence": "sociolo\u0161ko delo\n",
            "max_value": 6.693696219528533e-08,
            "max_sentence": "zidarsko delo\n"
        },
        "neutral_to_neutral_mixed": {
            "average": 1.4725024367683114e-09,
            "standard_deviation": 2.9024475734447454e-08,
            "min_value": -7.497885934348858e-08,
            "min_sentence": "sociolo\u0161ko delo\n",
            "max_value": 8.562254505406486e-08,
            "max_sentence": "varilsko delo\n"
        },
        "directional_bias_alligned": {
            "average": -3.870980472334908e-09,
            "standard_deviation": 2.573667729550817e-08,
            "min_value": -8.089201819494463e-08,
            "min_sentence": "biolo\u0161ko delo\n",
            "max_value": 5.9131592178296444e-08,
            "max_sentence": "sociolo\u0161ko delo\n"
        },
        "directional_bias_alligned_mixed": {
            "average": -2.26058814693402e-09,
            "standard_deviation": 3.630822470557306e-08,
            "min_value": -1.5066729708301807e-07,
            "min_sentence": "biolo\u0161ko delo\n",
            "max_value": 1.0478118173118389e-07,
            "max_sentence": "sociolo\u0161ko delo\n"
        },
        "directional_bias_from_neutrals": {
            "average": -3.136238989077265e-09,
            "standard_deviation": 2.413117481644033e-08,
            "min_value": -8.065549150781948e-08,
            "min_sentence": "zidarsko delo\n",
            "max_value": 6.977527855500654e-08,
            "max_sentence": "nevrolo\u0161ko delo\n"
        },
        "spread": {
            "average": -2.30588045726179e-09,
            "standard_deviation": 2.515894480466774e-08,
            "min_value": -7.450580596923828e-08,
            "min_sentence": "snemalsko delo\n",
            "max_value": 6.977527766682812e-08,
            "max_sentence": "agronomsko delo\n"
        }
    },
    "glue": {
        "boolq": {
            "eval_loss": 0.723716676235199,
            "eval_accuracy": 0.6,
            "eval_runtime": 0.1233,
            "eval_samples_per_second": 40.549,
            "eval_steps_per_second": 8.11,
            "epoch": 10.0
        },
        "cb": {
            "eval_loss": 0.9789788126945496,
            "eval_accuracy": 0.8333333333333334,
            "eval_f1": 0.7575757575757575,
            "eval_runtime": 0.1269,
            "eval_samples_per_second": 47.271,
            "eval_steps_per_second": 7.879,
            "epoch": 10.0
        },
        "copa": {
            "eval_loss": 0.6933324933052063,
            "eval_accuracy": 0.0,
            "eval_runtime": 0.8364,
            "eval_samples_per_second": 47.827,
            "eval_steps_per_second": 2.391,
            "epoch": 10.0
        },
        "rte": {
            "eval_loss": 0.70079106092453,
            "eval_accuracy": 0.3333333333333333,
            "eval_runtime": 0.1398,
            "eval_samples_per_second": 85.826,
            "eval_steps_per_second": 7.152,
            "epoch": 10.0
        }
    }
}