{
    "sentiment": {
        "sentiment": {
            "loss": 0.9792436957359314,
            "metrics": {
                "accuracy": 0.5613972764949674,
                "f1_macro": 0.23969867030689115,
                "f1_negative": 0.0,
                "f1_neutral": 0.7190960109206734,
                "f1_positive": 0.0,
                "precision_negative": 0.0,
                "precision_neutral": 0.5613972764949674,
                "precision_positive": 0.0,
                "recall_negative": 0.0,
                "recall_neutral": 1.0,
                "recall_positive": 0.0
            }
        }
    },
    "seat": {
        "average": 6.573420051779673e-09,
        "standard_deviation": 1.4685282790440639e-08,
        "min_value": -4.967053768289986e-09,
        "min_sentence": "metalur\u0161ko delo\n",
        "max_value": 9.934107469966591e-08,
        "max_sentence": "kirur\u0161ko delo\n"
    },
    "heilman": {
        "positive_to_positive": {
            "average": 3.682765904999121e-09,
            "standard_deviation": 1.3951248356279498e-08,
            "min_value": -2.9802322387695312e-08,
            "min_sentence": "draguljarsko delo\n",
            "max_value": 4.115558815964704e-08,
            "max_sentence": "frizersko delo\n"
        },
        "positive_to_positive_mixed": {
            "average": 8.215013737824659e-09,
            "standard_deviation": 8.2155716537057285e-08,
            "min_value": -6.291601462038443e-08,
            "min_sentence": "poljedelsko delo\n",
            "max_value": 6.149685560785656e-08,
            "max_sentence": "kirur\u0161ko delo\n"
        },
        "negative_to_negative": {
            "average": -1.300391756923179e-09,
            "standard_deviation": 1.680060809784067e-08,
            "min_value": -5.5583696312311304e-08,
            "min_sentence": "krovno delo\n",
            "max_value": 4.9197484419671866e-08,
            "max_sentence": "teolo\u0161ko delo\n"
        },
        "negative_to_negative_mixed": {
            "average": 2.463900230887301e-09,
            "standard_deviation": 2.636426979717197e-08,
            "min_value": -7.001180457599787e-08,
            "min_sentence": "kustosko delo\n",
            "max_value": 7.947285918241676e-08,
            "max_sentence": "teolo\u0161ko delo\n"
        },
        "neutral_to_neutral": {
            "average": 9.361411721931654e-09,
            "standard_deviation": 1.6288156811099057e-08,
            "min_value": -4.588611546285648e-08,
            "min_sentence": "pod\u010dastni\u0161ko delo\n",
            "max_value": 6.244296157920104e-08,
            "max_sentence": "notarsko delo\n"
        },
        "neutral_to_neutral_mixed": {
            "average": 1.0439368093377676e-08,
            "standard_deviation": 2.5660377196943e-08,
            "min_value": -6.173338240600401e-08,
            "min_sentence": "poljedelsko delo\n",
            "max_value": 1.0076023326810457e-07,
            "max_sentence": "notarsko delo\n"
        },
        "directional_bias_alligned": {
            "average": -5.678645816932533e-09,
            "standard_deviation": 1.7615850854307063e-08,
            "min_value": -4.210169290974619e-08,
            "min_sentence": "lektorsko delo\n",
            "max_value": 5.345495879272022e-08,
            "max_sentence": "carinarsko delo\n"
        },
        "directional_bias_alligned_mixed": {
            "average": -2.224354355553018e-09,
            "standard_deviation": 2.5656682465138065e-08,
            "min_value": -6.670043584122709e-08,
            "min_sentence": "iluzionisko delo\n",
            "max_value": 6.859264622960382e-08,
            "max_sentence": "paleontolo\u0161ko delo\n"
        },
        "directional_bias_from_neutrals": {
            "average": -4.447702236769538e-09,
            "standard_deviation": 1.7002676470267375e-08,
            "min_value": -5.038011596791847e-08,
            "min_sentence": "\u0161iviljsko delo\n",
            "max_value": 4.328432523514891e-08,
            "max_sentence": "carinarsko delo\n"
        },
        "spread": {
            "average": 4.9831576619223e-09,
            "standard_deviation": 2.0737166841682385e-08,
            "min_value": -4.517653584557024e-08,
            "min_sentence": "sprevodni\u0161ko delo\n",
            "max_value": 9.484707363949241e-08,
            "max_sentence": "krovno delo\n"
        }
    },
    "glue": {
        "boolq": {
            "eval_loss": 0.7383055686950684,
            "eval_accuracy": 0.6,
            "eval_runtime": 0.1199,
            "eval_samples_per_second": 41.711,
            "eval_steps_per_second": 8.342,
            "epoch": 10.0
        },
        "cb": {
            "eval_loss": 1.0213481187820435,
            "eval_accuracy": 0.8333333333333334,
            "eval_f1": 0.7575757575757575,
            "eval_runtime": 0.1984,
            "eval_samples_per_second": 30.249,
            "eval_steps_per_second": 5.041,
            "epoch": 10.0
        },
        "copa": {
            "eval_loss": 0.6932389140129089,
            "eval_accuracy": 0.0,
            "eval_runtime": 0.938,
            "eval_samples_per_second": 42.643,
            "eval_steps_per_second": 2.132,
            "epoch": 10.0
        },
        "rte": {
            "eval_loss": 0.7015471458435059,
            "eval_accuracy": 0.3333333333333333,
            "eval_runtime": 0.1312,
            "eval_samples_per_second": 91.43,
            "eval_steps_per_second": 7.619,
            "epoch": 10.0
        }
    }
}