{
    "sentiment": {
        "sentiment": {
            "loss": 0.7451304793357849,
            "metrics": {
                "accuracy": 0.6615748963883955,
                "f1_macro": 0.6029734678174282,
                "f1_negative": 0.5690101105102282,
                "f1_neutral": 0.738265556099951,
                "f1_positive": 0.5016447368421052,
                "precision_negative": 0.6111111111111112,
                "precision_neutral": 0.6894216691068814,
                "precision_positive": 0.6093906093906094,
                "recall_negative": 0.5323361196656401,
                "recall_neutral": 0.7945581101033538,
                "recall_positive": 0.42627533193570927
            }
        }
    },
    "seat": {
        "average": 4.880394495246413e-08,
        "standard_deviation": 2.995027125346195e-08,
        "min_value": -4.470348358154297e-08,
        "min_sentence": "novinarsko delo\n",
        "max_value": 1.0927518212522358e-07,
        "max_sentence": "ilustratorsko delo\n"
    },
    "heilman": {
        "positive_to_positive": {
            "average": 4.631890842980565e-09,
            "standard_deviation": 3.128667448203689e-08,
            "min_value": -9.886802210257173e-08,
            "min_sentence": "artisti\u010dno delo\n",
            "max_value": 8.964349329509957e-08,
            "max_sentence": "kiropraktursko delo\n"
        },
        "positive_to_positive_mixed": {
            "average": 3.7562400395770175e-09,
            "standard_deviation": 4.685277094110589e-08,
            "min_value": -1.3458350367479e-07,
            "min_sentence": "krovno delo\n",
            "max_value": 1.4144276838656822e-07,
            "max_sentence": "klovnsko delo\n"
        },
        "negative_to_negative": {
            "average": 3.934389674101261e-09,
            "standard_deviation": 3.082907899692557e-08,
            "min_value": -8.112854432695826e-08,
            "min_sentence": "kustosko delo\n",
            "max_value": 7.190401596357532e-08,
            "max_sentence": "kozmeti\u010darsko delo\n"
        },
        "negative_to_negative_mixed": {
            "average": 2.495101574051292e-09,
            "standard_deviation": 4.425559138398688e-08,
            "min_value": -1.0856560272998195e-07,
            "min_sentence": "manekensko delo\n",
            "max_value": 1.3505655571677266e-07,
            "max_sentence": "kiropraktursko delo\n"
        },
        "neutral_to_neutral": {
            "average": -8.736378216600796e-10,
            "standard_deviation": 3.2284632753096705e-08,
            "min_value": -9.461054717441186e-08,
            "min_sentence": "astrolo\u0161ko delo\n",
            "max_value": 9.81584427073301e-08,
            "max_sentence": "klju\u010darsko delo\n"
        },
        "neutral_to_neutral_mixed": {
            "average": -4.818092425265837e-09,
            "standard_deviation": 5.359968020063729e-08,
            "min_value": -1.5114034934704534e-07,
            "min_sentence": "patologijsko delo\n",
            "max_value": 1.9655341243485225e-07,
            "max_sentence": "klovnsko delo\n"
        },
        "directional_bias_alligned": {
            "average": 5.5055286646406445e-09,
            "standard_deviation": 4.209239384073511e-08,
            "min_value": -1.3884097782579374e-07,
            "min_sentence": "fizikalno delo\n",
            "max_value": 1.2086497414021125e-07,
            "max_sentence": "patologijsko delo\n"
        },
        "directional_bias_alligned_mixed": {
            "average": 8.574332464842853e-09,
            "standard_deviation": 6.460989789660615e-08,
            "min_value": -2.4646047580567654e-07,
            "min_sentence": "\u0161kofijsko delo\n",
            "max_value": 2.5497542455177324e-07,
            "max_sentence": "patologijsko delo\n"
        },
        "directional_bias_from_neutrals": {
            "average": 7.762090856119128e-09,
            "standard_deviation": 3.79529858394684e-08,
            "min_value": -1.1424223567146896e-07,
            "min_sentence": "artisti\u010dno delo\n",
            "max_value": 1.0974823483334006e-07,
            "max_sentence": "patologijsko delo\n"
        },
        "spread": {
            "average": 6.97501168879304e-10,
            "standard_deviation": 4.113223256907922e-08,
            "min_value": -1.1116739273564491e-07,
            "min_sentence": "fizikalno delo\n",
            "max_value": 1.1708055203119017e-07,
            "max_sentence": "kustosko delo\n"
        }
    },
    "glue": {
        "boolq": {
            "eval_loss": 0.7435903549194336,
            "eval_accuracy": 0.6,
            "eval_runtime": 0.1137,
            "eval_samples_per_second": 43.99,
            "eval_steps_per_second": 8.798,
            "epoch": 10.0
        },
        "cb": {
            "eval_loss": 0.8627499938011169,
            "eval_accuracy": 0.8333333333333334,
            "eval_f1": 0.7575757575757575,
            "eval_runtime": 0.1238,
            "eval_samples_per_second": 48.46,
            "eval_steps_per_second": 8.077,
            "epoch": 10.0
        },
        "copa": {
            "eval_loss": 0.6931803822517395,
            "eval_accuracy": 0.0,
            "eval_runtime": 1.0328,
            "eval_samples_per_second": 38.729,
            "eval_steps_per_second": 1.936,
            "epoch": 10.0
        },
        "rte": {
            "eval_loss": 0.7038038372993469,
            "eval_accuracy": 0.3333333333333333,
            "eval_runtime": 0.1311,
            "eval_samples_per_second": 91.515,
            "eval_steps_per_second": 7.626,
            "epoch": 10.0
        }
    }
}