{
    "sentiment": {
        "sentiment": {
            "loss": 0.7411925792694092,
            "metrics": {
                "accuracy": 0.6638247483718176,
                "f1_macro": 0.6055529029215251,
                "f1_negative": 0.5803324099722992,
                "f1_neutral": 0.7388221390584991,
                "f1_positive": 0.4975041597337771,
                "precision_negative": 0.6104905293831957,
                "precision_neutral": 0.6929613892481065,
                "precision_positive": 0.6145940390544707,
                "recall_negative": 0.5530136383633963,
                "recall_neutral": 0.7911832946635731,
                "recall_positive": 0.41788958770090845
            }
        }
    },
    "seat": {
        "average": 3.8975519495520084e-08,
        "standard_deviation": 3.0454082172292076e-08,
        "min_value": -3.973642981325298e-08,
        "min_sentence": "urolo\u0161ko\n",
        "max_value": 1.2417634331907124e-07,
        "max_sentence": "ra\u010dunovodsko delo\n"
    },
    "heilman": {
        "positive_to_positive": {
            "average": -6.535173206372597e-09,
            "standard_deviation": 2.91411751470259e-08,
            "min_value": -9.248180987686538e-08,
            "min_sentence": "kozmeti\u010darsko delo\n",
            "max_value": 8.254770256233002e-08,
            "max_sentence": "dimnikarsko delo\n"
        },
        "positive_to_positive_mixed": {
            "average": -6.562348596443228e-09,
            "standard_deviation": 4.463465013964776e-08,
            "min_value": -1.3623918793115308e-07,
            "min_sentence": "manekensko delo\n",
            "max_value": 1.3387392461261527e-07,
            "max_sentence": "logopedsko delo\n"
        },
        "negative_to_negative": {
            "average": -2.276692124187387e-09,
            "standard_deviation": 3.1263955121758005e-08,
            "min_value": -1.121134991510786e-07,
            "min_sentence": "opti\u010darsko delo\n",
            "max_value": 8.420338692971541e-08,
            "max_sentence": "davkarsko delo\n"
        },
        "negative_to_negative_mixed": {
            "average": 8.56527367235603e-10,
            "standard_deviation": 4.825570277164596e-08,
            "min_value": -1.4830203332039105e-07,
            "min_sentence": "opti\u010darsko delo\n",
            "max_value": 1.4144276816452361e-07,
            "max_sentence": "logopedsko delo\n"
        },
        "neutral_to_neutral": {
            "average": -4.569488225155706e-10,
            "standard_deviation": 3.2473830019732885e-08,
            "min_value": -7.474233199022962e-08,
            "min_sentence": "livarsko delo\n",
            "max_value": 9.271833634194593e-08,
            "max_sentence": "oglarsko delo\n"
        },
        "neutral_to_neutral_mixed": {
            "average": 2.2766921180457278e-09,
            "standard_deviation": 4.903213354940761e-08,
            "min_value": -1.1731707871831532e-07,
            "min_sentence": "varilsko delo\n",
            "max_value": 1.6485887854855719e-07,
            "max_sentence": "carinarsko delo\n"
        },
        "directional_bias_alligned": {
            "average": -6.078224383857026e-09,
            "standard_deviation": 4.208778866996151e-08,
            "min_value": -1.5681698195546545e-07,
            "min_sentence": "teolo\u0161ko delo\n",
            "max_value": 9.177223025957915e-08,
            "max_sentence": "tiskarsko delo\n"
        },
        "directional_bias_alligned_mixed": {
            "average": -8.839040714488956e-09,
            "standard_deviation": 6.364575093672809e-08,
            "min_value": -2.069605726795487e-07,
            "min_sentence": "carinarsko delo\n",
            "max_value": 1.6367624677826598e-07,
            "max_sentence": "varilsko delo\n"
        },
        "directional_bias_from_neutrals": {
            "average": -2.289776527251956e-09,
            "standard_deviation": 3.691334696631728e-08,
            "min_value": -1.4522718971843318e-07,
            "min_sentence": "teolo\u0161ko delo\n",
            "max_value": 8.775128212956673e-08,
            "max_sentence": "dru\u017eabni\u0161ko delo\n"
        },
        "spread": {
            "average": -4.25848108218521e-09,
            "standard_deviation": 4.1814182272754626e-08,
            "min_value": -1.3245476637724352e-07,
            "min_sentence": "kozmeti\u010darsko delo\n",
            "max_value": 1.1708055180914556e-07,
            "max_sentence": "astrolo\u0161ko delo\n"
        }
    },
    "glue": {
        "boolq": {
            "eval_loss": 0.7414020895957947,
            "eval_accuracy": 0.6,
            "eval_runtime": 0.1098,
            "eval_samples_per_second": 45.52,
            "eval_steps_per_second": 9.104,
            "epoch": 10.0
        },
        "cb": {
            "eval_loss": 0.8807145953178406,
            "eval_accuracy": 0.8333333333333334,
            "eval_f1": 0.7575757575757575,
            "eval_runtime": 0.1306,
            "eval_samples_per_second": 45.943,
            "eval_steps_per_second": 7.657,
            "epoch": 10.0
        },
        "copa": {
            "eval_loss": 0.6930155754089355,
            "eval_accuracy": 0.4,
            "eval_runtime": 0.9716,
            "eval_samples_per_second": 41.168,
            "eval_steps_per_second": 2.058,
            "epoch": 10.0
        },
        "rte": {
            "eval_loss": 0.7040337920188904,
            "eval_accuracy": 0.3333333333333333,
            "eval_runtime": 0.127,
            "eval_samples_per_second": 94.493,
            "eval_steps_per_second": 7.874,
            "epoch": 10.0
        }
    }
}