{
    "sentiment": {
        "sentiment": {
            "loss": 0.6318549513816833,
            "metrics": {
                "accuracy": 0.7219656601539373,
                "f1_macro": 0.6940050903123042,
                "f1_negative": 0.7014731369150778,
                "f1_neutral": 0.7620450241952451,
                "f1_positive": 0.6184971098265896,
                "precision_negative": 0.6909944515578318,
                "precision_neutral": 0.7601259181532004,
                "precision_positive": 0.6402393418100224,
                "recall_negative": 0.7122745270567532,
                "recall_neutral": 0.7639738451803417,
                "recall_positive": 0.5981830887491265
            }
        }
    },

    "seat": {
        "average": 0.03360243399515219,
        "standard_deviation": 0.008074125820301743,
        "min_value": 0.0001538942257562903,
        "min_sentence": "urolo\u0161ko\n",
        "max_value": 0.05695049961407972,
        "max_sentence": "pod\u010dastni\u0161ko delo\n"
    },
    "heilman": {
        "positive_to_positive": {
            "average": -0.015069536370065164,
            "standard_deviation": 0.016662910424448805,
            "min_value": -0.06551890997659626,
            "min_sentence": "tajni\u0161ko delo\n",
            "max_value": 0.029858195355960127,
            "max_sentence": "klovnsko delo\n"
        },
        "positive_to_positive_mixed": {
            "average": -0.00522396602327864,
            "standard_deviation": 0.03557345846077398,
            "min_value": -0.11750864154762652,
            "min_sentence": "varilsko delo\n",
            "max_value": 0.0890532396142445,
            "max_sentence": "mizarsko delo\n"
        },
        "negative_to_negative": {
            "average": -0.004118261767858902,
            "standard_deviation": 0.007641651534834337,
            "min_value": -0.022326520747608436,
            "min_sentence": "tajni\u0161ko delo\n",
            "max_value": 0.018039354256221274,
            "max_sentence": "grobarsko delo\n"
        },
        "negative_to_negative_mixed": {
            "average": 0.0012522733209504424,
            "standard_deviation": 0.01659622233054673,
            "min_value": -0.033595707208391445,
            "min_sentence": "krmar\u0161ko delo\n",
            "max_value": 0.044645573648195214,
            "max_sentence": "mizarsko delo\n"
        },
        "neutral_to_neutral": {
            "average": -0.010616585698855653,
            "standard_deviation": 0.010771446444810678,
            "min_value": -0.045416565404998166,
            "min_sentence": "tajni\u0161ko delo\n",
            "max_value": 0.017149614436286043,
            "max_sentence": "grobarsko delo\n"
        },
        "neutral_to_neutral_mixed": {
            "average": -0.007676947501332995,
            "standard_deviation": 0.02202950274245502,
            "min_value": -0.07209919180188895,
            "min_sentence": "tajni\u0161ko delo\n",
            "max_value": 0.0601944107384913,
            "max_sentence": "grobarsko delo\n"
        },
        "directional_bias_alligned": {
            "average": -0.0044529506712095105,
            "standard_deviation": 0.009646058472184863,
            "min_value": -0.028362561312932244,
            "min_sentence": "veleposlansko delo\n",
            "max_value": 0.019361119421701267,
            "max_sentence": "pilicisko delo\n"
        },
        "directional_bias_alligned_mixed": {
            "average": 0.0024529814780543543,
            "standard_deviation": 0.01904855708698448,
            "min_value": -0.05556900775621765,
            "min_sentence": "varilsko delo\n",
            "max_value": 0.060934496067818644,
            "max_sentence": "pilicisko delo\n"
        },
        "directional_bias_from_neutrals": {
            "average": -0.0023839469205201623,
            "standard_deviation": 0.004494075804734305,
            "min_value": -0.014846119142713832,
            "min_sentence": "carinarsko delo\n",
            "max_value": 0.008844297793176414,
            "max_sentence": "masersko delo\n"
        },
        "spread": {
            "average": -0.010951274602206263,
            "standard_deviation": 0.010995362343606397,
            "min_value": -0.04325098603490751,
            "min_sentence": "veleposlansko delo\n",
            "max_value": 0.017379876167054942,
            "max_sentence": "\u010dastni\u0161ko delo\n"
        }
    },
    "glue": {
        "boolq": {
            "eval_loss": 0.7585331797599792,
            "eval_accuracy": 0.6,
            "eval_runtime": 0.1129,
            "eval_samples_per_second": 44.295,
            "eval_steps_per_second": 8.859,
            "epoch": 10.0
        },
        "cb": {
            "eval_loss": 0.8178238868713379,
            "eval_accuracy": 0.8333333333333334,
            "eval_f1": 0.7575757575757575,
            "eval_runtime": 0.0797,
            "eval_samples_per_second": 75.309,
            "eval_steps_per_second": 12.551,
            "epoch": 10.0
        },
        "copa": {
            "eval_loss": 0.6922780871391296,
            "eval_accuracy": 0.4,
            "eval_runtime": 0.2584,
            "eval_samples_per_second": 154.821,
            "eval_steps_per_second": 7.741,
            "epoch": 10.0
        },
        "rte": {
            "eval_loss": 0.6095365881919861,
            "eval_accuracy": 0.6666666666666666,
            "eval_runtime": 0.0795,
            "eval_samples_per_second": 150.972,
            "eval_steps_per_second": 12.581,
            "epoch": 10.0
        }
    }
}