{
  "sentence_all": {
  "aggregated": 0.4307070707070707,
  "multirc": {
    "loss": 0.7007858094416166,
    "metrics": {
      "major": 0.0,
      "minor": {
        "em": 0.0,
        "f1": 0.0
      }
    }
  },
  "boolq": {
    "loss": 0.694815993309021,
    "metrics": {
      "major": 0.7777777777777778,
      "minor": {
        "acc": 0.7777777777777778
      }
    }
  },
  "cb": {
    "loss": 1.4073030948638916,
    "metrics": {
      "major": 0.2395506792058516,
      "minor": {
        "acc": 0.3181818181818182,
        "avg_f1": 0.16091954022988506,
        "f11": 0.0,
        "f12": 0.4827586206896552,
        "f13": 0.0
      }
    }
  },
  "copa": {
    "loss": 0.6931471824645996,
    "metrics": {
      "major": 0.55,
      "minor": {
        "acc": 0.55
      }
    }
  },
  "rte": {
    "loss": 0.6922226101160049,
    "metrics": {
      "major": 0.5862068965517241,
      "minor": {
        "acc": 0.5862068965517241
      }
    }
  }
},
  "sentence_first": {
  "aggregated": 0.382224312086381,
  "multirc": {
    "loss": 0.7026358372286746,
    "metrics": {
      "major": 0.0,
      "minor": {
        "em": 0.0,
        "f1": 0.0
      }
    }
  },
  "boolq": {
    "loss": 0.6836829086144766,
    "metrics": {
      "major": 0.7777777777777778,
      "minor": {
        "acc": 0.7777777777777778
      }
    }
  },
  "cb": {
    "loss": 1.4156860907872517,
    "metrics": {
      "major": 0.2395506792058516,
      "minor": {
        "acc": 0.3181818181818182,
        "avg_f1": 0.16091954022988506,
        "f11": 0.0,
        "f12": 0.4827586206896552,
        "f13": 0.0
      }
    }
  },
  "copa": {
    "loss": 0.6931471824645996,
    "metrics": {
      "major": 0.48,
      "minor": {
        "acc": 0.48
      }
    }
  },
  "rte": {
    "loss": 0.6974135935306549,
    "metrics": {
      "major": 0.41379310344827586,
      "minor": {
        "acc": 0.41379310344827586
      }
    }
  }
},
  "sentence_last": {
  "aggregated": 0.39022431208638103,
  "multirc": {
    "loss": 0.699835225155479,
    "metrics": {
      "major": 0.0,
      "minor": {
        "em": 0.0,
        "f1": 0.0
      }
    }
  },
  "boolq": {
    "loss": 0.6879364649454752,
    "metrics": {
      "major": 0.7777777777777778,
      "minor": {
        "acc": 0.7777777777777778
      }
    }
  },
  "cb": {
    "loss": 1.3363538980484009,
    "metrics": {
      "major": 0.2395506792058516,
      "minor": {
        "acc": 0.3181818181818182,
        "avg_f1": 0.16091954022988506,
        "f11": 0.0,
        "f12": 0.4827586206896552,
        "f13": 0.0
      }
    }
  },
  "copa": {
    "loss": 0.6931471824645996,
    "metrics": {
      "major": 0.52,
      "minor": {
        "acc": 0.52
      }
    }
  },
  "rte": {
    "loss": 0.6945718824863434,
    "metrics": {
      "major": 0.41379310344827586,
      "minor": {
        "acc": 0.41379310344827586
      }
    }
  }
},
  "original": {
  "aggregated": 0.4305001741553466,
  "multirc": {
    "loss": 0.7175964336646231,
    "metrics": {
      "major": 0.0,
      "minor": {
        "em": 0.0,
        "f1": 0.0
      }
    }
  },
  "boolq": {
    "loss": 0.7122605244318644,
    "metrics": {
      "major": 0.7777777777777778,
      "minor": {
        "acc": 0.7777777777777778
      }
    }
  },
  "cb": {
    "loss": 1.483249346415202,
    "metrics": {
      "major": 0.2395506792058516,
      "minor": {
        "acc": 0.3181818181818182,
        "avg_f1": 0.16091954022988506,
        "f11": 0.0,
        "f12": 0.4827586206896552,
        "f13": 0.0
      }
    }
  },
  "copa": {
    "loss": 0.6933191739595853,
    "metrics": {
      "major": 0.48,
      "minor": {
        "acc": 0.48
      }
    }
  },
  "rte": {
    "loss": 0.6645990014076233,
    "metrics": {
      "major": 0.6551724137931034,
      "minor": {
        "acc": 0.6551724137931034
      }
    }
  }
},
  "token_all": {
  "aggregated": 0.39422431208638103,
  "multirc": {
    "loss": 0.7002834207133243,
    "metrics": {
      "major": 0.0,
      "minor": {
        "em": 0.0,
        "f1": 0.0
      }
    }
  },
  "boolq": {
    "loss": 0.6913665334383646,
    "metrics": {
      "major": 0.7777777777777778,
      "minor": {
        "acc": 0.7777777777777778
      }
    }
  },
  "cb": {
    "loss": 1.4949746529261272,
    "metrics": {
      "major": 0.2395506792058516,
      "minor": {
        "acc": 0.3181818181818182,
        "avg_f1": 0.16091954022988506,
        "f11": 0.0,
        "f12": 0.4827586206896552,
        "f13": 0.0
      }
    }
  },
  "copa": {
    "loss": 0.6931471824645996,
    "metrics": {
      "major": 0.54,
      "minor": {
        "acc": 0.54
      }
    }
  },
  "rte": {
    "loss": 0.6946418732404709,
    "metrics": {
      "major": 0.41379310344827586,
      "minor": {
        "acc": 0.41379310344827586
      }
    }
  }
},
  "token_first": {
  "aggregated": 0.384224312086381,
  "multirc": {
    "loss": 0.7026244401931763,
    "metrics": {
      "major": 0.0,
      "minor": {
        "em": 0.0,
        "f1": 0.0
      }
    }
  },
  "boolq": {
    "loss": 0.6832061012585958,
    "metrics": {
      "major": 0.7777777777777778,
      "minor": {
        "acc": 0.7777777777777778
      }
    }
  },
  "cb": {
    "loss": 1.3865657448768616,
    "metrics": {
      "major": 0.2395506792058516,
      "minor": {
        "acc": 0.3181818181818182,
        "avg_f1": 0.16091954022988506,
        "f11": 0.0,
        "f12": 0.4827586206896552,
        "f13": 0.0
      }
    }
  },
  "copa": {
    "loss": 0.6931471824645996,
    "metrics": {
      "major": 0.49,
      "minor": {
        "acc": 0.49
      }
    }
  },
  "rte": {
    "loss": 0.6946307867765427,
    "metrics": {
      "major": 0.41379310344827586,
      "minor": {
        "acc": 0.41379310344827586
      }
    }
  }
},
  "token_last": {
  "aggregated": 0.4287070707070707,
  "multirc": {
    "loss": 0.6987104447264421,
    "metrics": {
      "major": 0.0,
      "minor": {
        "em": 0.0,
        "f1": 0.0
      }
    }
  },
  "boolq": {
    "loss": 0.6941439906756083,
    "metrics": {
      "major": 0.7777777777777778,
      "minor": {
        "acc": 0.7777777777777778
      }
    }
  },
  "cb": {
    "loss": 1.4070716698964436,
    "metrics": {
      "major": 0.2395506792058516,
      "minor": {
        "acc": 0.3181818181818182,
        "avg_f1": 0.16091954022988506,
        "f11": 0.0,
        "f12": 0.4827586206896552,
        "f13": 0.0
      }
    }
  },
  "copa": {
    "loss": 0.6931471824645996,
    "metrics": {
      "major": 0.54,
      "minor": {
        "acc": 0.54
      }
    }
  },
  "rte": {
    "loss": 0.6922516375780106,
    "metrics": {
      "major": 0.5862068965517241,
      "minor": {
        "acc": 0.5862068965517241
      }
    }
  }
}
}